{"cameraMode":{"drawMode":0,"name":"Shaded","section":"Shading Mode"},"sceneLighting":true,"audioPlay":false,"sceneViewState":{"showFog":true,"showMaterialUpdate":false,"showSkybox":true,"showFlares":true,"showImageEffects":true,"showParticleSystems":true},"in2DMode":false,"pivot":{"x":5.213870048522949,"y":1.3008772134780884,"z":0.03824912756681442},"rotation":{"x":-0.00016581131785642356,"y":-0.973965585231781,"z":0.22797799110412599,"w":0.02389034815132618},"size":0.5161375999450684,"orthographic":false}