{"cameraMode":{"drawMode":0,"name":"Shaded","section":"Shading Mode"},"sceneLighting":true,"audioPlay":false,"sceneViewState":{"showFog":true,"showMaterialUpdate":false,"showSkybox":true,"showFlares":true,"showImageEffects":true,"showParticleSystems":true},"in2DMode":false,"pivot":{"x":7.49682092666626,"y":1.5210031270980836,"z":-0.03003324195742607},"rotation":{"x":-0.030505072325468065,"y":0.9687318205833435,"z":-0.15085412561893464,"w":-0.1952669620513916},"size":0.28608301281929018,"orthographic":false}