{"cameraMode":{"drawMode":0,"name":"Shaded","section":"Shading Mode"},"sceneLighting":true,"audioPlay":false,"sceneViewState":{"showFog":true,"showMaterialUpdate":false,"showSkybox":true,"showFlares":true,"showImageEffects":true,"showParticleSystems":true},"in2DMode":false,"pivot":{"x":7.003066539764404,"y":0.9391334652900696,"z":0.011821746826171875},"rotation":{"x":-0.029712144285440446,"y":-0.9803058505058289,"z":0.02626064419746399,"w":0.199716717004776},"size":0.7247439622879028,"orthographic":false}